TicketId,Kind,From,Subject,Body
T01,routine,anna.keller@northwind-consulting.example,Invoices for the last quarter,"Hello, our auditor has asked for copies of all invoices from the last quarter. I only have the email receipts and cannot find the PDF versions anywhere. Could you tell me where I can download them for our account? Thanks, Anna"
T02,routine,d.okafor@brightline-media.example,CSV export fails with error EXP-4102,Since Tuesday every attempt to export our campaign report to CSV stops after a few seconds with the message 'Export failed (EXP-4102)'. Exporting to PDF still works. I have attached two screenshots and the report id is RPT-88213. Can someone look into this?
T03,routine,hr@cobaltworks.example,Deactivate a leaver and reassign the seat,"One of our project managers, Mark Ellis, left the company on Friday. Please deactivate his user account and remove his access to all shared workspaces. We would like his seat moved to Priya Raman, who starts on Monday and will need a standard user role."
T04,routine,procurement@harborlogistics.example,Quote for 40 additional licences,"We are expanding the platform to two more sites and need a quote for 40 additional licences on our current plan. Is there a volume price break at that quantity, and can the new licences be aligned to our existing contract end date? A formal quote on company letterhead would be appreciated."
T05,routine,finance@greenfield-labs.example,Renewal date and auto-renewal,Could you confirm the date on which our annual plan renews this year? We are reviewing all software subscriptions ahead of the new budget. Please also switch off auto-renewal on our account so that nothing is charged before our finance team has approved the renewal.
T06,ambiguous,it-admin@meridian-health.example,SSO sign-in failing for the whole team since your latest release,"Since your release notes went out yesterday evening, none of our users can sign in through SSO. The login page redirects to our identity provider, the user authenticates, and then the app shows a blank page. Your status page reports no outage. We suspect the new release changed the SAML handling, because nothing changed on our side. Fifty people are locked out."
T07,ambiguous,cfo@atlas-retail.example,Renewal quote is 30 percent higher than last year,"We received the renewal quote for next year and it is about 30 percent higher than what we paid last year, with no explanation. At that price we would have to consider moving to a lower tier or evaluating other vendors. We have been a customer for four years and would like someone to walk us through the options before we decide."
T08,required,privacy@vantage-partners.example,Erasure request under GDPR Article 17,"This is a formal request under Article 17 of the GDPR. Please erase all personal data you hold about me and the three users of our former account, and confirm in writing within 30 days that this has been done. If we do not receive confirmation by then we will refer the matter to the supervisory authority."
T09,required,security@lumen-software.example,Phishing email impersonating your support team,"Several of our staff received an email this morning that claims to come from your support team and asks them to 'verify their account' through a link. The sender address is similar to yours but not identical, and the link goes to a domain we do not recognise. One person clicked it. We are reporting this so you can warn other customers."
